hello,world,dobestan
hello,world,dobestan
hello,world,dobestan
hello,world,dobestan
hello,world,dobestan
hello,world,dobestan
hello,world,dobestan
hello,world,dobestan
hello,world,dobestan
hello,world,dobestan
hello,world,dobestan
hello,world,dobestan
hello,world,dobestan
hello,world,dobestan
hello,world,dobestan
hello,world,dobestan
hello,world,dobestan
hello,world,dobestan
hello,world,dobestan
hello,world,dobestan
hello,world,dobestan
hello,world,dobestan
hello,world,dobestan
hello,world,dobestan
hello,world,dobestan
hello,world,dobestan
hello,world,dobestan
hello,world,dobestan
hello,world,dobestan
hello,world,dobestan
hello,world,dobestan
hello,world,dobestan
hello,world,dobestan
hello,world,dobestan
hello,world,dobestan
hello,world,dobestan
hello,world,dobestan
hello,world,dobestan
hello,world,dobestan
hello,world,dobestan
hello,world,dobestan
hello,world,dobestan
hello,world,dobestan
hello,world,dobestan
hello,world,dobestan
hello,world,dobestan
hello,world,dobestan
hello,world,dobestan
hello,world,dobestan
hello,world,dobestan
hello,world,dobestan
hello,world,dobestan
hello,world,dobestan
hello,world,dobestan
hello,world,dobestan
hello,world,dobestan
hello,world,dobestan
hello,world,dobestan
hello,world,dobestan
hello,world,dobestan
hello,world,dobestan
hello,world,dobestan
hello,world,dobestan
hello,world,dobestan
hello,world,dobestan
hello,world,dobestan
hello,world,dobestan
hello,world,dobestan
hello,world,dobestan
hello,world,dobestan
hello,world,dobestan
hello,world,dobestan
hello,world,dobestan
hello,world,dobestan
hello,world,dobestan
hello,world,dobestan
hello,world,dobestan
hello,world,dobestan
hello,world,dobestan
hello,world,dobestan
hello,world,dobestan
hello,world,dobestan
hello,world,dobestan
hello,world,dobestan
hello,world,dobestan
hello,world,dobestan
hello,world,dobestan
hello,world,dobestan
hello,world,dobestan
hello,world,dobestan
hello,world,dobestan
hello,world,dobestan
hello,world,dobestan
hello,world,dobestan
hello,world,dobestan
hello,world,dobestan
hello,world,dobestan
hello,world,dobestan
hello,world,dobestan
hello,world,dobestan
hello,world,dobestan
hello,world,dobestan
hello,world,dobestan
hello,world,dobestan
hello,world,dobestan
hello,world,dobestan
hello,world,dobestan
hello,world,dobestan
hello,world,dobestan
hello,world,dobestan
hello,world,dobestan
hello,world,dobestan
hello,world,dobestan
hello,world,dobestan
hello,world,dobestan
hello,world,dobestan
hello,world,dobestan
hello,world,dobestan
hello,world,dobestan
hello,world,dobestan
hello,world,dobestan
hello,world,dobestan
hello,world,dobestan
hello,world,dobestan
hello,world,dobestan
hello,world,dobestan
hello,world,dobestan
hello,world,dobestan
hello,world,dobestan
hello,world,dobestan
hello,world,dobestan
hello,world,dobestan
hello,world,dobestan
hello,world,dobestan
hello,world,dobestan
hello,world,dobestan
hello,world,dobestan
hello,world,dobestan
hello,world,dobestan
hello,world,dobestan
hello,world,dobestan
hello,world,dobestan
hello,world,dobestan
hello,world,dobestan
hello,world,dobestan
hello,world,dobestan
hello,world,dobestan
hello,world,dobestan
hello,world,dobestan
hello,world,dobestan
hello,world,dobestan
hello,world,dobestan
hello,world,dobestan
hello,world,dobestan
hello,world,dobestan
hello,world,dobestan
hello,world,dobestan
hello,world,dobestan
hello,world,dobestan
hello,world,dobestan
hello,world,dobestan
hello,world,dobestan
hello,world,dobestan
hello,world,dobestan
hello,world,dobestan
hello,world,dobestan
hello,world,dobestan
hello,world,dobestan
hello,world,dobestan
hello,world,dobestan
hello,world,dobestan
hello,world,dobestan
hello,world,dobestan
hello,world,dobestan
hello,world,dobestan
hello,world,dobestan
hello,world,dobestan
hello,world,dobestan
hello,world,dobestan
hello,world,dobestan
hello,world,dobestan
hello,world,dobestan
hello,world,dobestan
hello,world,dobestan
hello,world,dobestan
hello,world,dobestan
hello,world,dobestan
hello,world,dobestan
hello,world,dobestan
hello,world,dobestan
hello,world,dobestan
hello,world,dobestan
hello,world,dobestan
hello,world,dobestan
hello,world,dobestan
hello,world,dobestan
hello,world,dobestan
hello,world,dobestan
hello,world,dobestan
hello,world,dobestan
hello,world,dobestan
hello,world,dobestan
hello,world,dobestan
hello,world,dobestan
hello,world,dobestan
hello,world,dobestan
hello,world,dobestan
hello,world,dobestan
hello,world,dobestan
hello,world,dobestan
hello,world,dobestan
hello,world,dobestan
hello,world,dobestan
hello,world,dobestan
hello,world,dobestan
hello,world,dobestan
hello,world,dobestan
hello,world,dobestan
hello,world,dobestan
hello,world,dobestan
hello,world,dobestan
hello,world,dobestan
hello,world,dobestan
hello,world,dobestan
hello,world,dobestan
hello,world,dobestan
hello,world,dobestan
hello,world,dobestan
hello,world,dobestan
hello,world,dobestan
hello,world,dobestan
hello,world,dobestan
hello,world,dobestan
hello,world,dobestan
hello,world,dobestan
hello,world,dobestan
hello,world,dobestan
hello,world,dobestan
hello,world,dobestan
hello,world,dobestan
hello,world,dobestan
hello,world,dobestan
hello,world,dobestan
hello,world,dobestan
hello,world,dobestan
hello,world,dobestan
hello,world,dobestan
hello,world,dobestan
hello,world,dobestan
hello,world,dobestan
hello,world,dobestan
hello,world,dobestan
hello,world,dobestan
hello,world,dobestan
hello,world,dobestan
hello,world,dobestan
hello,world,dobestan
hello,world,dobestan
hello,world,dobestan
hello,world,dobestan
hello,world,dobestan
hello,world,dobestan
hello,world,dobestan
hello,world,dobestan
hello,world,dobestan
hello,world,dobestan
hello,world,dobestan
hello,world,dobestan
hello,world,dobestan
hello,world,dobestan
hello,world,dobestan
hello,world,dobestan
hello,world,dobestan
hello,world,dobestan
hello,world,dobestan
hello,world,dobestan
hello,world,dobestan
hello,world,dobestan
hello,world,dobestan
hello,world,dobestan
hello,world,dobestan
hello,world,dobestan
hello,world,dobestan
hello,world,dobestan
hello,world,dobestan
hello,world,dobestan
hello,world,dobestan
hello,world,dobestan
hello,world,dobestan
hello,world,dobestan
hello,world,dobestan
hello,world,dobestan
hello,world,dobestan
hello,world,dobestan
hello,world,dobestan
hello,world,dobestan
hello,world,dobestan
hello,world,dobestan
hello,world,dobestan
hello,world,dobestan
hello,world,dobestan
hello,world,dobestan
hello,world,dobestan
hello,world,dobestan
hello,world,dobestan
hello,world,dobestan
hello,world,dobestan
hello,world,dobestan
hello,world,dobestan
hello,world,dobestan
hello,world,dobestan
hello,world,dobestan
hello,world,dobestan
hello,world,dobestan
hello,world,dobestan
hello,world,dobestan
hello,world,dobestan
hello,world,dobestan
hello,world,dobestan
hello,world,dobestan
hello,world,dobestan
hello,world,dobestan
hello,world,dobestan
hello,world,dobestan
hello,world,dobestan
hello,world,dobestan
hello,world,dobestan
hello,world,dobestan
hello,world,dobestan
hello,world,dobestan
hello,world,dobestan
hello,world,dobestan
hello,world,dobestan
hello,world,dobestan
hello,world,dobestan
hello,world,dobestan
hello,world,dobestan
hello,world,dobestan
hello,world,dobestan
hello,world,dobestan
hello,world,dobestan
hello,world,dobestan
hello,world,dobestan
hello,world,dobestan
hello,world,dobestan
hello,world,dobestan
hello,world,dobestan
hello,world,dobestan
hello,world,dobestan
hello,world,dobestan
hello,world,dobestan
hello,world,dobestan
hello,world,dobestan
hello,world,dobestan
hello,world,dobestan
hello,world,dobestan
hello,world,dobestan
hello,world,dobestan
hello,world,dobestan
hello,world,dobestan
hello,world,dobestan
hello,world,dobestan
hello,world,dobestan
hello,world,dobestan
hello,world,dobestan
hello,world,dobestan
hello,world,dobestan
hello,world,dobestan
hello,world,dobestan
hello,world,dobestan
hello,world,dobestan
hello,world,dobestan
hello,world,dobestan
hello,world,dobestan
hello,world,dobestan
hello,world,dobestan
hello,world,dobestan
hello,world,dobestan
hello,world,dobestan
hello,world,dobestan
hello,world,dobestan
hello,world,dobestan
hello,world,dobestan
hello,world,dobestan
hello,world,dobestan
hello,world,dobestan
hello,world,dobestan
hello,world,dobestan
hello,world,dobestan
hello,world,dobestan
hello,world,dobestan
hello,world,dobestan
hello,world,dobestan
hello,world,dobestan
hello,world,dobestan
hello,world,dobestan
hello,world,dobestan
hello,world,dobestan
hello,world,dobestan
hello,world,dobestan
hello,world,dobestan
hello,world,dobestan
hello,world,dobestan
hello,world,dobestan
hello,world,dobestan
hello,world,dobestan
hello,world,dobestan
hello,world,dobestan
hello,world,dobestan
hello,world,dobestan
hello,world,dobestan
hello,world,dobestan
hello,world,dobestan
hello,world,dobestan
hello,world,dobestan
hello,world,dobestan
hello,world,dobestan
hello,world,dobestan
hello,world,dobestan
hello,world,dobestan
hello,world,dobestan
hello,world,dobestan
hello,world,dobestan
hello,world,dobestan
hello,world,dobestan
hello,world,dobestan
hello,world,dobestan
hello,world,dobestan
hello,world,dobestan
hello,world,dobestan
hello,world,dobestan
hello,world,dobestan
hello,world,dobestan
hello,world,dobestan
hello,world,dobestan
hello,world,dobestan
hello,world,dobestan
hello,world,dobestan
hello,world,dobestan
hello,world,dobestan
hello,world,dobestan
hello,world,dobestan
hello,world,dobestan
hello,world,dobestan
hello,world,dobestan
hello,world,dobestan
hello,world,dobestan
hello,world,dobestan
hello,world,dobestan
hello,world,dobestan
hello,world,dobestan
hello,world,dobestan
hello,world,dobestan
hello,world,dobestan
hello,world,dobestan
hello,world,dobestan
hello,world,dobestan
hello,world,dobestan
hello,world,dobestan
hello,world,dobestan
hello,world,dobestan
hello,world,dobestan
hello,world,dobestan
hello,world,dobestan
hello,world,dobestan
hello,world,dobestan
hello,world,dobestan
hello,world,dobestan
hello,world,dobestan
hello,world,dobestan
hello,world,dobestan
hello,world,dobestan
hello,world,dobestan
hello,world,dobestan
hello,world,dobestan
hello,world,dobestan
hello,world,dobestan
hello,world,dobestan
hello,world,dobestan
hello,world,dobestan
hello,world,dobestan
hello,world,dobestan
hello,world,dobestan
hello,world,dobestan
hello,world,dobestan
hello,world,dobestan
hello,world,dobestan
hello,world,dobestan
hello,world,dobestan
hello,world,dobestan
hello,world,dobestan
hello,world,dobestan
hello,world,dobestan
hello,world,dobestan
hello,world,dobestan
hello,world,dobestan
hello,world,dobestan
hello,world,dobestan
hello,world,dobestan
hello,world,dobestan
hello,world,dobestan
hello,world,dobestan
hello,world,dobestan
hello,world,dobestan
hello,world,dobestan
hello,world,dobestan
hello,world,dobestan
hello,world,dobestan
hello,world,dobestan
hello,world,dobestan
hello,world,dobestan
hello,world,dobestan
hello,world,dobestan
hello,world,dobestan
hello,world,dobestan
hello,world,dobestan
hello,world,dobestan
hello,world,dobestan
hello,world,dobestan
hello,world,dobestan
hello,world,dobestan
hello,world,dobestan
hello,world,dobestan
hello,world,dobestan
hello,world,dobestan
hello,world,dobestan
hello,world,dobestan
hello,world,dobestan
hello,world,dobestan
hello,world,dobestan
hello,world,dobestan
hello,world,dobestan
hello,world,dobestan
hello,world,dobestan
hello,world,dobestan
hello,world,dobestan
hello,world,dobestan
hello,world,dobestan
hello,world,dobestan
hello,world,dobestan
hello,world,dobestan
hello,world,dobestan
hello,world,dobestan
hello,world,dobestan
hello,world,dobestan
hello,world,dobestan
hello,world,dobestan
hello,world,dobestan
hello,world,dobestan
hello,world,dobestan
hello,world,dobestan
hello,world,dobestan
hello,world,dobestan
hello,world,dobestan
hello,world,dobestan
hello,world,dobestan
hello,world,dobestan
hello,world,dobestan
hello,world,dobestan
hello,world,dobestan
hello,world,dobestan
hello,world,dobestan
hello,world,dobestan
hello,world,dobestan
hello,world,dobestan
hello,world,dobestan
hello,world,dobestan
hello,world,dobestan
hello,world,dobestan
hello,world,dobestan
hello,world,dobestan
hello,world,dobestan
hello,world,dobestan
hello,world,dobestan
hello,world,dobestan
hello,world,dobestan
hello,world,dobestan
hello,world,dobestan
hello,world,dobestan
hello,world,dobestan
hello,world,dobestan
hello,world,dobestan
hello,world,dobestan
hello,world,dobestan
hello,world,dobestan
hello,world,dobestan
hello,world,dobestan
hello,world,dobestan
hello,world,dobestan
hello,world,dobestan
hello,world,dobestan
hello,world,dobestan
hello,world,dobestan
hello,world,dobestan
hello,world,dobestan
hello,world,dobestan
hello,world,dobestan
hello,world,dobestan
hello,world,dobestan
hello,world,dobestan
hello,world,dobestan
hello,world,dobestan
hello,world,dobestan
hello,world,dobestan
hello,world,dobestan
hello,world,dobestan
hello,world,dobestan
hello,world,dobestan
hello,world,dobestan
hello,world,dobestan
hello,world,dobestan
hello,world,dobestan
hello,world,dobestan
hello,world,dobestan
hello,world,dobestan
hello,world,dobestan
hello,world,dobestan
hello,world,dobestan
hello,world,dobestan
hello,world,dobestan
hello,world,dobestan
hello,world,dobestan
hello,world,dobestan
hello,world,dobestan
hello,world,dobestan
hello,world,dobestan
hello,world,dobestan
hello,world,dobestan
hello,world,dobestan
hello,world,dobestan
hello,world,dobestan
hello,world,dobestan
hello,world,dobestan
hello,world,dobestan
hello,world,dobestan
hello,world,dobestan
hello,world,dobestan
hello,world,dobestan
hello,world,dobestan
hello,world,dobestan
hello,world,dobestan
hello,world,dobestan
hello,world,dobestan
hello,world,dobestan
hello,world,dobestan
hello,world,dobestan
hello,world,dobestan
hello,world,dobestan
hello,world,dobestan
hello,world,dobestan
hello,world,dobestan
hello,world,dobestan
hello,world,dobestan
hello,world,dobestan
hello,world,dobestan
hello,world,dobestan
hello,world,dobestan
hello,world,dobestan
hello,world,dobestan
hello,world,dobestan
hello,world,dobestan
hello,world,dobestan
hello,world,dobestan
hello,world,dobestan
hello,world,dobestan
hello,world,dobestan
hello,world,dobestan
hello,world,dobestan
hello,world,dobestan
hello,world,dobestan
hello,world,dobestan
hello,world,dobestan
hello,world,dobestan
hello,world,dobestan
hello,world,dobestan
hello,world,dobestan
hello,world,dobestan
hello,world,dobestan
hello,world,dobestan
hello,world,dobestan
hello,world,dobestan
hello,world,dobestan
hello,world,dobestan
hello,world,dobestan
hello,world,dobestan
hello,world,dobestan
hello,world,dobestan
hello,world,dobestan
hello,world,dobestan
hello,world,dobestan
hello,world,dobestan
hello,world,dobestan
hello,world,dobestan
hello,world,dobestan
hello,world,dobestan
hello,world,dobestan
hello,world,dobestan
hello,world,dobestan
hello,world,dobestan
hello,world,dobestan
hello,world,dobestan
hello,world,dobestan
hello,world,dobestan
hello,world,dobestan
hello,world,dobestan
hello,world,dobestan
hello,world,dobestan
hello,world,dobestan
hello,world,dobestan
hello,world,dobestan
hello,world,dobestan
hello,world,dobestan
hello,world,dobestan
hello,world,dobestan
hello,world,dobestan
hello,world,dobestan
hello,world,dobestan
hello,world,dobestan
hello,world,dobestan
hello,world,dobestan
hello,world,dobestan
hello,world,dobestan
hello,world,dobestan
hello,world,dobestan
hello,world,dobestan
hello,world,dobestan
hello,world,dobestan
hello,world,dobestan
hello,world,dobestan
hello,world,dobestan
hello,world,dobestan
hello,world,dobestan
hello,world,dobestan
hello,world,dobestan
hello,world,dobestan
hello,world,dobestan
hello,world,dobestan
hello,world,dobestan
hello,world,dobestan
hello,world,dobestan
hello,world,dobestan
hello,world,dobestan
hello,world,dobestan
hello,world,dobestan
hello,world,dobestan
hello,world,dobestan
hello,world,dobestan
hello,world,dobestan
hello,world,dobestan
hello,world,dobestan
hello,world,dobestan
hello,world,dobestan
hello,world,dobestan
hello,world,dobestan
hello,world,dobestan
hello,world,dobestan
hello,world,dobestan
hello,world,dobestan
hello,world,dobestan
hello,world,dobestan
hello,world,dobestan
hello,world,dobestan
hello,world,dobestan
hello,world,dobestan
hello,world,dobestan
hello,world,dobestan
hello,world,dobestan
hello,world,dobestan
hello,world,dobestan
hello,world,dobestan
hello,world,dobestan
hello,world,dobestan
hello,world,dobestan
hello,world,dobestan
hello,world,dobestan
hello,world,dobestan
hello,world,dobestan
hello,world,dobestan
hello,world,dobestan
hello,world,dobestan
hello,world,dobestan
hello,world,dobestan
hello,world,dobestan
hello,world,dobestan
hello,world,dobestan
hello,world,dobestan
hello,world,dobestan
hello,world,dobestan
hello,world,dobestan
hello,world,dobestan
hello,world,dobestan
hello,world,dobestan
hello,world,dobestan
hello,world,dobestan
hello,world,dobestan
hello,world,dobestan
hello,world,dobestan
hello,world,dobestan
hello,world,dobestan
hello,world,dobestan
hello,world,dobestan
hello,world,dobestan
hello,world,dobestan
hello,world,dobestan
hello,world,dobestan
hello,world,dobestan
hello,world,dobestan
hello,world,dobestan
hello,world,dobestan
hello,world,dobestan
hello,world,dobestan
hello,world,dobestan
hello,world,dobestan
hello,world,dobestan
hello,world,dobestan
hello,world,dobestan
hello,world,dobestan
hello,world,dobestan
hello,world,dobestan
hello,world,dobestan
hello,world,dobestan
hello,world,dobestan
hello,world,dobestan
hello,world,dobestan
hello,world,dobestan
hello,world,dobestan
hello,world,dobestan
hello,world,dobestan
hello,world,dobestan
hello,world,dobestan
hello,world,dobestan
hello,world,dobestan
hello,world,dobestan
hello,world,dobestan
hello,world,dobestan
hello,world,dobestan
hello,world,dobestan
hello,world,dobestan
hello,world,dobestan
hello,world,dobestan
hello,world,dobestan
hello,world,dobestan
hello,world,dobestan
hello,world,dobestan
hello,world,dobestan
hello,world,dobestan
hello,world,dobestan
hello,world,dobestan
hello,world,dobestan
hello,world,dobestan
hello,world,dobestan
hello,world,dobestan
hello,world,dobestan
hello,world,dobestan
hello,world,dobestan
hello,world,dobestan
hello,world,dobestan
hello,world,dobestan
hello,world,dobestan
hello,world,dobestan
hello,world,dobestan
hello,world,dobestan
hello,world,dobestan
hello,world,dobestan
hello,world,dobestan
hello,world,dobestan
hello,world,dobestan
hello,world,dobestan
hello,world,dobestan
hello,world,dobestan
hello,world,dobestan
hello,world,dobestan
hello,world,dobestan
hello,world,dobestan
hello,world,dobestan
hello,world,dobestan
hello,world,dobestan
hello,world,dobestan
hello,world,dobestan
hello,world,dobestan
hello,world,dobestan
hello,world,dobestan
hello,world,dobestan
hello,world,dobestan
hello,world,dobestan
hello,world,dobestan
hello,world,dobestan
hello,world,dobestan
hello,world,dobestan
hello,world,dobestan
hello,world,dobestan
hello,world,dobestan
hello,world,dobestan
hello,world,dobestan
hello,world,dobestan
hello,world,dobestan
hello,world,dobestan
hello,world,dobestan
hello,world,dobestan
hello,world,dobestan
hello,world,dobestan
hello,world,dobestan
hello,world,dobestan
hello,world,dobestan
hello,world,dobestan
hello,world,dobestan
hello,world,dobestan
hello,world,dobestan
hello,world,dobestan
hello,world,dobestan
hello,world,dobestan
hello,world,dobestan
hello,world,dobestan
hello,world,dobestan
hello,world,dobestan
hello,world,dobestan
hello,world,dobestan
hello,world,dobestan
hello,world,dobestan
hello,world,dobestan
hello,world,dobestan
hello,world,dobestan
hello,world,dobestan
hello,world,dobestan
hello,world,dobestan
hello,world,dobestan
hello,world,dobestan
hello,world,dobestan
hello,world,dobestan
hello,world,dobestan
hello,world,dobestan
hello,world,dobestan
hello,world,dobestan
hello,world,dobestan
hello,world,dobestan
hello,world,dobestan
hello,world,dobestan
hello,world,dobestan
hello,world,dobestan
hello,world,dobestan
hello,world,dobestan
hello,world,dobestan
hello,world,dobestan
hello,world,dobestan
hello,world,dobestan
hello,world,dobestan
hello,world,dobestan
hello,world,dobestan
hello,world,dobestan
hello,world,dobestan
hello,world,dobestan
hello,world,dobestan
hello,world,dobestan
hello,world,dobestan
hello,world,dobestan
hello,world,dobestan
hello,world,dobestan
hello,world,dobestan
hello,world,dobestan
hello,world,dobestan
hello,world,dobestan
hello,world,dobestan
hello,world,dobestan
hello,world,dobestan
hello,world,dobestan
hello,world,dobestan
hello,world,dobestan
hello,world,dobestan
hello,world,dobestan
hello,world,dobestan
hello,world,dobestan
hello,world,dobestan
hello,world,dobestan
hello,world,dobestan
hello,world,dobestan
hello,world,dobestan
hello,world,dobestan
hello,world,dobestan
hello,world,dobestan
hello,world,dobestan
hello,world,dobestan
hello,world,dobestan
hello,world,dobestan
hello,world,dobestan
hello,world,dobestan
hello,world,dobestan
hello,world,dobestan
hello,world,dobestan
hello,world,dobestan
hello,world,dobestan
hello,world,dobestan
hello,world,dobestan
hello,world,dobestan
hello,world,dobestan
hello,world,dobestan
hello,world,dobestan
hello,world,dobestan
hello,world,dobestan
hello,world,dobestan
hello,world,dobestan
hello,world,dobestan
hello,world,dobestan
hello,world,dobestan
hello,world,dobestan
hello,world,dobestan
hello,world,dobestan
hello,world,dobestan
hello,world,dobestan
hello,world,dobestan
hello,world,dobestan
hello,world,dobestan
hello,world,dobestan
hello,world,dobestan
hello,world,dobestan
hello,world,dobestan
hello,world,dobestan
hello,world,dobestan
hello,world,dobestan
hello,world,dobestan
hello,world,dobestan
hello,world,dobestan
hello,world,dobestan
hello,world,dobestan
hello,world,dobestan
hello,world,dobestan
hello,world,dobestan
hello,world,dobestan
hello,world,dobestan
hello,world,dobestan
hello,world,dobestan
hello,world,dobestan
hello,world,dobestan
hello,world,dobestan
hello,world,dobestan
hello,world,dobestan
hello,world,dobestan
hello,world,dobestan
hello,world,dobestan
hello,world,dobestan
hello,world,dobestan
hello,world,dobestan
hello,world,dobestan
hello,world,dobestan
hello,world,dobestan
hello,world,dobestan
hello,world,dobestan
hello,world,dobestan
hello,world,dobestan
hello,world,dobestan
hello,world,dobestan
hello,world,dobestan
hello,world,dobestan
hello,world,dobestan
hello,world,dobestan
hello,world,dobestan
hello,world,dobestan
hello,world,dobestan
hello,world,dobestan
hello,world,dobestan
hello,world,dobestan
hello,world,dobestan
hello,world,dobestan
hello,world,dobestan
hello,world,dobestan
hello,world,dobestan
hello,world,dobestan
hello,world,dobestan
hello,world,dobestan
hello,world,dobestan
hello,world,dobestan
hello,world,dobestan
hello,world,dobestan
hello,world,dobestan
hello,world,dobestan
hello,world,dobestan
hello,world,dobestan
hello,world,dobestan
hello,world,dobestan
hello,world,dobestan
hello,world,dobestan
hello,world,dobestan
hello,world,dobestan
hello,world,dobestan
hello,world,dobestan
hello,world,dobestan
hello,world,dobestan
hello,world,dobestan
hello,world,dobestan
hello,world,dobestan
hello,world,dobestan
hello,world,dobestan
hello,world,dobestan
hello,world,dobestan
hello,world,dobestan
hello,world,dobestan
hello,world,dobestan
hello,world,dobestan
hello,world,dobestan
hello,world,dobestan
hello,world,dobestan
hello,world,dobestan
hello,world,dobestan
hello,world,dobestan
hello,world,dobestan
hello,world,dobestan
hello,world,dobestan
hello,world,dobestan
hello,world,dobestan
hello,world,dobestan
hello,world,dobestan
hello,world,dobestan
hello,world,dobestan
hello,world,dobestan
hello,world,dobestan
hello,world,dobestan
hello,world,dobestan
hello,world,dobestan
hello,world,dobestan
hello,world,dobestan
hello,world,dobestan
hello,world,dobestan
hello,world,dobestan
hello,world,dobestan
hello,world,dobestan
hello,world,dobestan
hello,world,dobestan
hello,world,dobestan
hello,world,dobestan
hello,world,dobestan
hello,world,dobestan
hello,world,dobestan
hello,world,dobestan
hello,world,dobestan
hello,world,dobestan
hello,world,dobestan
hello,world,dobestan
hello,world,dobestan
hello,world,dobestan
hello,world,dobestan
hello,world,dobestan
hello,world,dobestan
hello,world,dobestan
hello,world,dobestan
hello,world,dobestan
hello,world,dobestan
hello,world,dobestan
hello,world,dobestan
hello,world,dobestan
hello,world,dobestan
hello,world,dobestan
hello,world,dobestan
hello,world,dobestan
hello,world,dobestan
hello,world,dobestan
hello,world,dobestan
hello,world,dobestan
hello,world,dobestan
hello,world,dobestan
hello,world,dobestan
hello,world,dobestan
hello,world,dobestan
hello,world,dobestan
hello,world,dobestan
hello,world,dobestan
hello,world,dobestan
hello,world,dobestan
hello,world,dobestan
hello,world,dobestan
hello,world,dobestan
hello,world,dobestan
hello,world,dobestan
hello,world,dobestan
hello,world,dobestan
hello,world,dobestan
hello,world,dobestan
hello,world,dobestan
hello,world,dobestan
hello,world,dobestan
hello,world,dobestan
hello,world,dobestan
hello,world,dobestan
hello,world,dobestan
hello,world,dobestan
hello,world,dobestan
hello,world,dobestan
hello,world,dobestan
hello,world,dobestan
hello,world,dobestan
hello,world,dobestan
hello,world,dobestan
hello,world,dobestan
hello,world,dobestan
hello,world,dobestan
hello,world,dobestan
hello,world,dobestan
hello,world,dobestan
hello,world,dobestan
hello,world,dobestan
hello,world,dobestan
hello,world,dobestan
hello,world,dobestan
hello,world,dobestan
hello,world,dobestan
hello,world,dobestan
hello,world,dobestan
hello,world,dobestan
hello,world,dobestan
hello,world,dobestan
hello,world,dobestan
hello,world,dobestan
hello,world,dobestan
hello,world,dobestan
hello,world,dobestan
hello,world,dobestan
hello,world,dobestan
hello,world,dobestan
hello,world,dobestan
hello,world,dobestan
hello,world,dobestan
hello,world,dobestan
hello,world,dobestan
hello,world,dobestan
hello,world,dobestan
hello,world,dobestan
hello,world,dobestan
hello,world,dobestan
hello,world,dobestan
hello,world,dobestan
hello,world,dobestan
hello,world,dobestan
hello,world,dobestan
hello,world,dobestan
hello,world,dobestan
hello,world,dobestan
hello,world,dobestan
hello,world,dobestan
hello,world,dobestan
hello,world,dobestan
hello,world,dobestan
hello,world,dobestan
hello,world,dobestan
hello,world,dobestan
hello,world,dobestan
hello,world,dobestan
hello,world,dobestan
hello,world,dobestan
hello,world,dobestan
hello,world,dobestan
hello,world,dobestan
hello,world,dobestan
hello,world,dobestan
hello,world,dobestan
hello,world,dobestan
hello,world,dobestan
hello,world,dobestan
hello,world,dobestan
hello,world,dobestan
hello,world,dobestan
hello,world,dobestan
hello,world,dobestan
hello,world,dobestan
hello,world,dobestan
hello,world,dobestan
hello,world,dobestan
hello,world,dobestan
hello,world,dobestan
hello,world,dobestan
hello,world,dobestan
hello,world,dobestan
hello,world,dobestan
hello,world,dobestan
hello,world,dobestan
hello,world,dobestan
hello,world,dobestan
hello,world,dobestan
hello,world,dobestan
hello,world,dobestan
hello,world,dobestan
hello,world,dobestan
hello,world,dobestan
hello,world,dobestan
hello,world,dobestan
hello,world,dobestan
hello,world,dobestan
hello,world,dobestan
hello,world,dobestan
hello,world,dobestan
hello,world,dobestan
hello,world,dobestan
hello,world,dobestan
hello,world,dobestan
hello,world,dobestan
hello,world,dobestan
hello,world,dobestan
hello,world,dobestan
hello,world,dobestan
hello,world,dobestan
hello,world,dobestan
hello,world,dobestan
hello,world,dobestan
hello,world,dobestan
hello,world,dobestan
hello,world,dobestan
hello,world,dobestan
hello,world,dobestan
hello,world,dobestan
hello,world,dobestan
hello,world,dobestan
hello,world,dobestan
hello,world,dobestan
hello,world,dobestan
hello,world,dobestan
hello,world,dobestan
hello,world,dobestan
hello,world,dobestan
hello,world,dobestan
hello,world,dobestan
hello,world,dobestan
hello,world,dobestan
hello,world,dobestan
hello,world,dobestan
hello,world,dobestan
hello,world,dobestan
hello,world,dobestan
hello,world,dobestan
hello,world,dobestan
hello,world,dobestan
hello,world,dobestan
hello,world,dobestan
hello,world,dobestan
hello,world,dobestan
hello,world,dobestan
hello,world,dobestan
hello,world,dobestan
hello,world,dobestan
hello,world,dobestan
hello,world,dobestan
hello,world,dobestan
hello,world,dobestan
hello,world,dobestan
hello,world,dobestan
hello,world,dobestan
hello,world,dobestan
hello,world,dobestan
hello,world,dobestan
hello,world,dobestan
hello,world,dobestan
hello,world,dobestan
hello,world,dobestan
hello,world,dobestan
hello,world,dobestan
hello,world,dobestan
hello,world,dobestan
hello,world,dobestan
hello,world,dobestan
hello,world,dobestan
hello,world,dobestan
hello,world,dobestan
hello,world,dobestan
hello,world,dobestan
hello,world,dobestan
hello,world,dobestan
hello,world,dobestan
hello,world,dobestan
hello,world,dobestan
hello,world,dobestan
hello,world,dobestan
hello,world,dobestan
hello,world,dobestan
hello,world,dobestan
hello,world,dobestan
hello,world,dobestan
hello,world,dobestan
hello,world,dobestan
hello,world,dobestan
hello,world,dobestan
hello,world,dobestan
hello,world,dobestan
hello,world,dobestan
hello,world,dobestan
hello,world,dobestan
hello,world,dobestan
hello,world,dobestan
hello,world,dobestan
hello,world,dobestan
hello,world,dobestan
hello,world,dobestan
hello,world,dobestan
hello,world,dobestan
hello,world,dobestan
hello,world,dobestan
hello,world,dobestan
hello,world,dobestan
hello,world,dobestan
hello,world,dobestan
hello,world,dobestan
hello,world,dobestan
hello,world,dobestan
hello,world,dobestan
hello,world,dobestan
hello,world,dobestan
hello,world,dobestan
hello,world,dobestan
hello,world,dobestan
hello,world,dobestan
hello,world,dobestan
hello,world,dobestan
hello,world,dobestan
hello,world,dobestan
hello,world,dobestan
hello,world,dobestan
hello,world,dobestan
hello,world,dobestan
hello,world,dobestan
hello,world,dobestan
hello,world,dobestan
hello,world,dobestan
hello,world,dobestan
hello,world,dobestan
hello,world,dobestan
hello,world,dobestan
hello,world,dobestan
hello,world,dobestan
hello,world,dobestan
hello,world,dobestan
hello,world,dobestan
hello,world,dobestan
hello,world,dobestan
hello,world,dobestan
hello,world,dobestan
hello,world,dobestan
hello,world,dobestan
hello,world,dobestan
hello,world,dobestan
hello,world,dobestan
hello,world,dobestan
hello,world,dobestan
hello,world,dobestan
hello,world,dobestan
hello,world,dobestan
hello,world,dobestan
hello,world,dobestan
hello,world,dobestan
hello,world,dobestan
hello,world,dobestan
hello,world,dobestan
hello,world,dobestan
hello,world,dobestan
hello,world,dobestan
hello,world,dobestan
hello,world,dobestan
hello,world,dobestan
hello,world,dobestan
hello,world,dobestan
hello,world,dobestan
hello,world,dobestan
hello,world,dobestan
hello,world,dobestan
hello,world,dobestan
hello,world,dobestan
hello,world,dobestan
hello,world,dobestan
hello,world,dobestan
hello,world,dobestan
hello,world,dobestan
hello,world,dobestan
hello,world,dobestan
hello,world,dobestan
hello,world,dobestan
hello,world,dobestan
hello,world,dobestan
hello,world,dobestan
hello,world,dobestan
hello,world,dobestan
hello,world,dobestan
hello,world,dobestan
hello,world,dobestan
hello,world,dobestan
hello,world,dobestan
hello,world,dobestan
hello,world,dobestan
hello,world,dobestan
hello,world,dobestan
hello,world,dobestan
hello,world,dobestan
hello,world,dobestan
hello,world,dobestan
hello,world,dobestan
hello,world,dobestan
hello,world,dobestan
hello,world,dobestan
hello,world,dobestan
hello,world,dobestan
hello,world,dobestan
hello,world,dobestan
hello,world,dobestan
hello,world,dobestan
hello,world,dobestan
hello,world,dobestan
hello,world,dobestan
hello,world,dobestan
hello,world,dobestan
hello,world,dobestan
hello,world,dobestan
hello,world,dobestan
hello,world,dobestan
hello,world,dobestan
hello,world,dobestan
hello,world,dobestan
hello,world,dobestan
hello,world,dobestan
hello,world,dobestan
hello,world,dobestan
hello,world,dobestan
hello,world,dobestan
hello,world,dobestan
hello,world,dobestan
hello,world,dobestan
hello,world,dobestan
hello,world,dobestan
hello,world,dobestan
hello,world,dobestan
hello,world,dobestan
hello,world,dobestan
hello,world,dobestan
hello,world,dobestan
hello,world,dobestan
hello,world,dobestan
hello,world,dobestan
hello,world,dobestan
hello,world,dobestan
hello,world,dobestan
hello,world,dobestan
hello,world,dobestan
hello,world,dobestan
hello,world,dobestan
hello,world,dobestan
hello,world,dobestan
hello,world,dobestan
hello,world,dobestan
hello,world,dobestan
hello,world,dobestan
hello,world,dobestan
hello,world,dobestan
hello,world,dobestan
hello,world,dobestan
hello,world,dobestan
hello,world,dobestan
hello,world,dobestan
hello,world,dobestan
hello,world,dobestan
hello,world,dobestan
hello,world,dobestan
hello,world,dobestan
hello,world,dobestan
hello,world,dobestan
hello,world,dobestan
hello,world,dobestan
hello,world,dobestan
hello,world,dobestan
hello,world,dobestan
hello,world,dobestan
hello,world,dobestan
hello,world,dobestan
hello,world,dobestan
hello,world,dobestan
hello,world,dobestan
hello,world,dobestan
hello,world,dobestan
hello,world,dobestan
hello,world,dobestan
hello,world,dobestan
hello,world,dobestan
hello,world,dobestan
hello,world,dobestan
hello,world,dobestan
hello,world,dobestan
hello,world,dobestan
hello,world,dobestan
hello,world,dobestan
hello,world,dobestan
hello,world,dobestan
hello,world,dobestan
hello,world,dobestan
hello,world,dobestan
hello,world,dobestan
hello,world,dobestan
hello,world,dobestan
hello,world,dobestan
hello,world,dobestan
hello,world,dobestan
hello,world,dobestan
hello,world,dobestan
hello,world,dobestan
hello,world,dobestan
hello,world,dobestan
hello,world,dobestan
hello,world,dobestan
hello,world,dobestan
hello,world,dobestan
hello,world,dobestan
hello,world,dobestan
hello,world,dobestan
hello,world,dobestan
hello,world,dobestan
hello,world,dobestan
hello,world,dobestan
hello,world,dobestan
hello,world,dobestan
hello,world,dobestan
hello,world,dobestan
hello,world,dobestan
hello,world,dobestan
hello,world,dobestan
hello,world,dobestan
hello,world,dobestan
hello,world,dobestan
hello,world,dobestan
hello,world,dobestan
hello,world,dobestan
hello,world,dobestan
hello,world,dobestan
hello,world,dobestan
hello,world,dobestan
hello,world,dobestan
hello,world,dobestan
hello,world,dobestan
hello,world,dobestan
hello,world,dobestan
hello,world,dobestan
hello,world,dobestan
hello,world,dobestan
hello,world,dobestan
hello,world,dobestan
hello,world,dobestan
hello,world,dobestan
hello,world,dobestan
hello,world,dobestan
hello,world,dobestan
hello,world,dobestan
hello,world,dobestan
hello,world,dobestan
hello,world,dobestan
hello,world,dobestan
hello,world,dobestan
hello,world,dobestan
hello,world,dobestan
hello,world,dobestan
hello,world,dobestan
hello,world,dobestan
hello,world,dobestan
hello,world,dobestan
hello,world,dobestan
hello,world,dobestan
hello,world,dobestan
hello,world,dobestan
hello,world,dobestan
hello,world,dobestan
hello,world,dobestan
hello,world,dobestan
hello,world,dobestan
hello,world,dobestan
hello,world,dobestan
hello,world,dobestan
hello,world,dobestan
hello,world,dobestan
hello,world,dobestan
hello,world,dobestan
hello,world,dobestan
hello,world,dobestan
hello,world,dobestan
hello,world,dobestan
hello,world,dobestan
hello,world,dobestan
hello,world,dobestan
hello,world,dobestan
hello,world,dobestan
hello,world,dobestan
hello,world,dobestan
hello,world,dobestan
hello,world,dobestan
hello,world,dobestan
hello,world,dobestan
hello,world,dobestan
hello,world,dobestan
hello,world,dobestan
hello,world,dobestan
hello,world,dobestan
hello,world,dobestan
hello,world,dobestan
hello,world,dobestan
hello,world,dobestan
hello,world,dobestan
hello,world,dobestan
hello,world,dobestan
hello,world,dobestan
hello,world,dobestan
hello,world,dobestan
hello,world,dobestan
hello,world,dobestan
hello,world,dobestan
hello,world,dobestan
hello,world,dobestan
hello,world,dobestan
hello,world,dobestan
hello,world,dobestan
hello,world,dobestan
hello,world,dobestan
hello,world,dobestan
hello,world,dobestan
hello,world,dobestan
hello,world,dobestan
hello,world,dobestan
hello,world,dobestan
hello,world,dobestan
hello,world,dobestan
hello,world,dobestan
hello,world,dobestan
hello,world,dobestan
hello,world,dobestan
hello,world,dobestan
hello,world,dobestan
hello,world,dobestan
hello,world,dobestan
hello,world,dobestan
hello,world,dobestan
hello,world,dobestan
hello,world,dobestan
hello,world,dobestan
hello,world,dobestan
hello,world,dobestan
hello,world,dobestan
hello,world,dobestan
hello,world,dobestan
hello,world,dobestan
hello,world,dobestan
hello,world,dobestan
hello,world,dobestan
hello,world,dobestan
hello,world,dobestan
hello,world,dobestan
hello,world,dobestan
hello,world,dobestan
hello,world,dobestan
hello,world,dobestan
hello,world,dobestan
hello,world,dobestan
hello,world,dobestan
hello,world,dobestan
hello,world,dobestan
hello,world,dobestan
hello,world,dobestan
hello,world,dobestan
hello,world,dobestan
hello,world,dobestan
hello,world,dobestan
hello,world,dobestan
hello,world,dobestan
hello,world,dobestan
hello,world,dobestan
hello,world,dobestan
hello,world,dobestan
hello,world,dobestan
hello,world,dobestan
hello,world,dobestan
hello,world,dobestan
hello,world,dobestan
hello,world,dobestan
hello,world,dobestan
hello,world,dobestan
hello,world,dobestan
hello,world,dobestan
hello,world,dobestan
hello,world,dobestan
hello,world,dobestan
hello,world,dobestan
hello,world,dobestan
hello,world,dobestan
hello,world,dobestan
hello,world,dobestan
hello,world,dobestan
hello,world,dobestan
hello,world,dobestan
hello,world,dobestan
hello,world,dobestan
hello,world,dobestan
hello,world,dobestan
hello,world,dobestan
hello,world,dobestan
hello,world,dobestan
hello,world,dobestan
hello,world,dobestan
hello,world,dobestan
hello,world,dobestan
hello,world,dobestan
hello,world,dobestan
hello,world,dobestan
hello,world,dobestan
hello,world,dobestan
hello,world,dobestan
hello,world,dobestan
hello,world,dobestan
hello,world,dobestan
hello,world,dobestan
hello,world,dobestan
hello,world,dobestan
hello,world,dobestan
hello,world,dobestan
hello,world,dobestan
hello,world,dobestan
hello,world,dobestan
hello,world,dobestan
hello,world,dobestan
hello,world,dobestan
hello,world,dobestan
hello,world,dobestan
hello,world,dobestan
hello,world,dobestan
hello,world,dobestan
hello,world,dobestan
hello,world,dobestan
hello,world,dobestan
hello,world,dobestan
hello,world,dobestan
hello,world,dobestan
hello,world,dobestan
hello,world,dobestan
hello,world,dobestan
hello,world,dobestan
hello,world,dobestan
hello,world,dobestan
hello,world,dobestan
hello,world,dobestan
hello,world,dobestan
hello,world,dobestan
hello,world,dobestan
hello,world,dobestan
hello,world,dobestan
hello,world,dobestan
hello,world,dobestan
hello,world,dobestan
hello,world,dobestan
hello,world,dobestan
hello,world,dobestan
hello,world,dobestan
hello,world,dobestan
hello,world,dobestan
hello,world,dobestan
hello,world,dobestan
hello,world,dobestan
hello,world,dobestan
hello,world,dobestan
hello,world,dobestan
hello,world,dobestan
hello,world,dobestan
hello,world,dobestan
hello,world,dobestan
hello,world,dobestan
hello,world,dobestan
hello,world,dobestan
hello,world,dobestan
hello,world,dobestan
hello,world,dobestan
hello,world,dobestan
hello,world,dobestan
hello,world,dobestan
hello,world,dobestan
hello,world,dobestan
hello,world,dobestan
hello,world,dobestan
hello,world,dobestan
hello,world,dobestan
hello,world,dobestan
hello,world,dobestan
hello,world,dobestan
hello,world,dobestan
hello,world,dobestan
hello,world,dobestan
hello,world,dobestan
hello,world,dobestan
hello,world,dobestan
hello,world,dobestan
hello,world,dobestan
hello,world,dobestan
hello,world,dobestan
hello,world,dobestan
hello,world,dobestan
hello,world,dobestan
hello,world,dobestan
hello,world,dobestan
hello,world,dobestan
hello,world,dobestan
hello,world,dobestan
hello,world,dobestan
hello,world,dobestan
hello,world,dobestan
hello,world,dobestan
hello,world,dobestan
hello,world,dobestan
hello,world,dobestan
hello,world,dobestan
hello,world,dobestan
hello,world,dobestan
hello,world,dobestan
hello,world,dobestan
hello,world,dobestan
hello,world,dobestan
hello,world,dobestan
hello,world,dobestan
hello,world,dobestan
hello,world,dobestan
hello,world,dobestan
hello,world,dobestan
hello,world,dobestan
hello,world,dobestan
hello,world,dobestan
hello,world,dobestan
hello,world,dobestan
hello,world,dobestan
hello,world,dobestan
hello,world,dobestan
hello,world,dobestan
hello,world,dobestan
hello,world,dobestan
hello,world,dobestan
hello,world,dobestan
hello,world,dobestan
hello,world,dobestan
hello,world,dobestan
hello,world,dobestan
hello,world,dobestan
hello,world,dobestan
hello,world,dobestan
hello,world,dobestan
hello,world,dobestan
hello,world,dobestan
hello,world,dobestan
hello,world,dobestan
hello,world,dobestan
hello,world,dobestan
hello,world,dobestan
hello,world,dobestan
hello,world,dobestan
hello,world,dobestan
hello,world,dobestan
hello,world,dobestan
hello,world,dobestan
hello,world,dobestan
hello,world,dobestan
hello,world,dobestan
hello,world,dobestan
hello,world,dobestan
hello,world,dobestan
hello,world,dobestan
hello,world,dobestan
hello,world,dobestan
hello,world,dobestan
hello,world,dobestan
hello,world,dobestan
hello,world,dobestan
hello,world,dobestan
hello,world,dobestan
hello,world,dobestan
hello,world,dobestan
hello,world,dobestan
hello,world,dobestan
hello,world,dobestan
hello,world,dobestan
hello,world,dobestan
hello,world,dobestan
hello,world,dobestan
hello,world,dobestan
hello,world,dobestan
hello,world,dobestan
hello,world,dobestan
hello,world,dobestan
hello,world,dobestan
hello,world,dobestan
hello,world,dobestan
hello,world,dobestan
hello,world,dobestan
hello,world,dobestan
hello,world,dobestan
hello,world,dobestan
hello,world,dobestan
hello,world,dobestan
hello,world,dobestan
hello,world,dobestan
hello,world,dobestan
hello,world,dobestan
hello,world,dobestan
hello,world,dobestan
hello,world,dobestan
hello,world,dobestan
hello,world,dobestan
hello,world,dobestan
hello,world,dobestan
hello,world,dobestan
hello,world,dobestan
hello,world,dobestan
hello,world,dobestan
hello,world,dobestan
hello,world,dobestan
hello,world,dobestan
hello,world,dobestan
hello,world,dobestan
hello,world,dobestan
hello,world,dobestan
hello,world,dobestan
hello,world,dobestan
hello,world,dobestan
hello,world,dobestan
hello,world,dobestan
hello,world,dobestan
hello,world,dobestan
hello,world,dobestan
hello,world,dobestan
hello,world,dobestan
hello,world,dobestan
hello,world,dobestan
hello,world,dobestan
hello,world,dobestan
hello,world,dobestan
hello,world,dobestan
hello,world,dobestan
hello,world,dobestan
hello,world,dobestan
hello,world,dobestan
hello,world,dobestan
hello,world,dobestan
hello,world,dobestan
hello,world,dobestan
hello,world,dobestan
hello,world,dobestan
hello,world,dobestan
hello,world,dobestan
hello,world,dobestan
hello,world,dobestan
hello,world,dobestan
hello,world,dobestan
hello,world,dobestan
hello,world,dobestan
hello,world,dobestan
hello,world,dobestan
hello,world,dobestan
hello,world,dobestan
hello,world,dobestan
hello,world,dobestan
hello,world,dobestan
hello,world,dobestan
hello,world,dobestan
hello,world,dobestan
hello,world,dobestan
hello,world,dobestan
hello,world,dobestan
hello,world,dobestan
hello,world,dobestan
hello,world,dobestan
hello,world,dobestan
hello,world,dobestan
hello,world,dobestan
hello,world,dobestan
hello,world,dobestan
hello,world,dobestan
hello,world,dobestan
hello,world,dobestan
hello,world,dobestan
hello,world,dobestan
hello,world,dobestan
hello,world,dobestan
hello,world,dobestan
hello,world,dobestan
hello,world,dobestan
hello,world,dobestan
hello,world,dobestan
hello,world,dobestan
hello,world,dobestan
hello,world,dobestan
hello,world,dobestan
hello,world,dobestan
hello,world,dobestan
hello,world,dobestan
hello,world,dobestan
hello,world,dobestan
hello,world,dobestan
hello,world,dobestan
hello,world,dobestan
hello,world,dobestan
hello,world,dobestan
hello,world,dobestan
hello,world,dobestan
hello,world,dobestan
hello,world,dobestan
hello,world,dobestan
hello,world,dobestan
hello,world,dobestan
hello,world,dobestan
hello,world,dobestan
hello,world,dobestan
hello,world,dobestan
hello,world,dobestan
hello,world,dobestan
hello,world,dobestan
hello,world,dobestan
hello,world,dobestan
hello,world,dobestan
hello,world,dobestan
hello,world,dobestan
hello,world,dobestan
hello,world,dobestan
hello,world,dobestan
hello,world,dobestan
hello,world,dobestan
hello,world,dobestan
hello,world,dobestan
hello,world,dobestan
hello,world,dobestan
hello,world,dobestan
hello,world,dobestan
hello,world,dobestan
hello,world,dobestan
hello,world,dobestan
hello,world,dobestan
hello,world,dobestan
hello,world,dobestan
hello,world,dobestan
hello,world,dobestan
hello,world,dobestan
hello,world,dobestan
hello,world,dobestan
hello,world,dobestan
hello,world,dobestan
hello,world,dobestan
hello,world,dobestan
hello,world,dobestan
hello,world,dobestan
hello,world,dobestan
hello,world,dobestan
hello,world,dobestan
hello,world,dobestan
hello,world,dobestan
hello,world,dobestan
hello,world,dobestan
hello,world,dobestan
hello,world,dobestan
hello,world,dobestan
hello,world,dobestan
hello,world,dobestan
hello,world,dobestan
hello,world,dobestan
hello,world,dobestan
hello,world,dobestan
hello,world,dobestan
hello,world,dobestan
hello,world,dobestan
hello,world,dobestan
hello,world,dobestan
hello,world,dobestan
hello,world,dobestan
hello,world,dobestan
hello,world,dobestan
hello,world,dobestan
hello,world,dobestan
hello,world,dobestan
hello,world,dobestan
hello,world,dobestan
hello,world,dobestan
hello,world,dobestan
hello,world,dobestan
hello,world,dobestan
hello,world,dobestan
hello,world,dobestan
hello,world,dobestan
hello,world,dobestan
hello,world,dobestan
hello,world,dobestan
hello,world,dobestan
hello,world,dobestan
hello,world,dobestan
hello,world,dobestan
hello,world,dobestan
hello,world,dobestan
hello,world,dobestan
hello,world,dobestan
hello,world,dobestan
hello,world,dobestan
hello,world,dobestan
hello,world,dobestan
hello,world,dobestan
hello,world,dobestan
hello,world,dobestan
hello,world,dobestan
hello,world,dobestan
hello,world,dobestan
hello,world,dobestan
hello,world,dobestan
hello,world,dobestan
hello,world,dobestan
hello,world,dobestan
hello,world,dobestan
hello,world,dobestan
hello,world,dobestan
hello,world,dobestan
hello,world,dobestan
hello,world,dobestan
hello,world,dobestan
hello,world,dobestan
hello,world,dobestan
hello,world,dobestan
hello,world,dobestan
hello,world,dobestan
hello,world,dobestan
hello,world,dobestan
hello,world,dobestan
hello,world,dobestan
hello,world,dobestan
hello,world,dobestan
hello,world,dobestan
hello,world,dobestan
hello,world,dobestan
hello,world,dobestan
hello,world,dobestan
hello,world,dobestan
hello,world,dobestan
hello,world,dobestan
hello,world,dobestan
hello,world,dobestan
hello,world,dobestan
hello,world,dobestan
hello,world,dobestan
hello,world,dobestan
hello,world,dobestan
hello,world,dobestan
hello,world,dobestan
hello,world,dobestan
hello,world,dobestan
hello,world,dobestan
hello,world,dobestan
hello,world,dobestan
hello,world,dobestan
hello,world,dobestan
hello,world,dobestan
hello,world,dobestan
hello,world,dobestan
hello,world,dobestan
hello,world,dobestan
hello,world,dobestan
hello,world,dobestan
hello,world,dobestan
hello,world,dobestan
hello,world,dobestan
hello,world,dobestan
hello,world,dobestan
hello,world,dobestan
hello,world,dobestan
hello,world,dobestan
hello,world,dobestan
hello,world,dobestan
hello,world,dobestan
hello,world,dobestan
hello,world,dobestan
hello,world,dobestan
hello,world,dobestan
hello,world,dobestan
hello,world,dobestan
hello,world,dobestan
hello,world,dobestan
hello,world,dobestan
hello,world,dobestan
hello,world,dobestan
hello,world,dobestan
hello,world,dobestan
hello,world,dobestan
hello,world,dobestan
hello,world,dobestan
hello,world,dobestan
hello,world,dobestan
hello,world,dobestan
hello,world,dobestan
hello,world,dobestan
hello,world,dobestan
hello,world,dobestan
hello,world,dobestan
hello,world,dobestan
hello,world,dobestan
hello,world,dobestan
hello,world,dobestan
hello,world,dobestan
hello,world,dobestan
hello,world,dobestan
hello,world,dobestan
hello,world,dobestan
hello,world,dobestan
hello,world,dobestan
hello,world,dobestan
hello,world,dobestan
hello,world,dobestan
hello,world,dobestan
hello,world,dobestan
hello,world,dobestan
hello,world,dobestan
hello,world,dobestan
hello,world,dobestan
hello,world,dobestan
hello,world,dobestan
hello,world,dobestan
hello,world,dobestan
hello,world,dobestan
hello,world,dobestan
hello,world,dobestan
hello,world,dobestan
hello,world,dobestan
hello,world,dobestan
hello,world,dobestan
hello,world,dobestan
hello,world,dobestan
hello,world,dobestan
hello,world,dobestan
hello,world,dobestan
hello,world,dobestan
hello,world,dobestan
hello,world,dobestan
hello,world,dobestan
hello,world,dobestan
hello,world,dobestan
hello,world,dobestan
hello,world,dobestan
hello,world,dobestan
hello,world,dobestan
hello,world,dobestan
hello,world,dobestan
hello,world,dobestan
hello,world,dobestan
hello,world,dobestan
hello,world,dobestan
hello,world,dobestan
hello,world,dobestan
hello,world,dobestan
hello,world,dobestan
hello,world,dobestan
hello,world,dobestan
hello,world,dobestan
hello,world,dobestan
hello,world,dobestan
hello,world,dobestan
hello,world,dobestan
hello,world,dobestan
hello,world,dobestan
hello,world,dobestan
hello,world,dobestan
hello,world,dobestan
hello,world,dobestan
hello,world,dobestan
hello,world,dobestan
hello,world,dobestan
hello,world,dobestan
hello,world,dobestan
hello,world,dobestan
hello,world,dobestan
hello,world,dobestan
hello,world,dobestan
hello,world,dobestan
hello,world,dobestan
hello,world,dobestan
hello,world,dobestan
hello,world,dobestan
hello,world,dobestan
hello,world,dobestan
hello,world,dobestan
hello,world,dobestan
hello,world,dobestan
hello,world,dobestan
hello,world,dobestan
hello,world,dobestan
hello,world,dobestan
hello,world,dobestan
hello,world,dobestan
hello,world,dobestan
hello,world,dobestan
hello,world,dobestan
hello,world,dobestan
hello,world,dobestan
hello,world,dobestan
hello,world,dobestan
hello,world,dobestan
hello,world,dobestan
hello,world,dobestan
hello,world,dobestan
hello,world,dobestan
hello,world,dobestan
hello,world,dobestan
hello,world,dobestan
hello,world,dobestan
hello,world,dobestan
hello,world,dobestan
hello,world,dobestan
hello,world,dobestan
hello,world,dobestan
hello,world,dobestan
hello,world,dobestan
hello,world,dobestan
hello,world,dobestan
hello,world,dobestan
hello,world,dobestan
hello,world,dobestan
hello,world,dobestan
hello,world,dobestan
hello,world,dobestan
hello,world,dobestan
hello,world,dobestan
hello,world,dobestan
hello,world,dobestan
hello,world,dobestan
hello,world,dobestan
hello,world,dobestan
hello,world,dobestan
hello,world,dobestan
hello,world,dobestan
hello,world,dobestan
hello,world,dobestan
hello,world,dobestan
hello,world,dobestan
hello,world,dobestan
hello,world,dobestan
hello,world,dobestan
hello,world,dobestan
hello,world,dobestan
hello,world,dobestan
hello,world,dobestan
hello,world,dobestan
hello,world,dobestan
hello,world,dobestan
hello,world,dobestan
hello,world,dobestan
hello,world,dobestan
hello,world,dobestan
hello,world,dobestan
hello,world,dobestan
hello,world,dobestan
hello,world,dobestan
hello,world,dobestan
hello,world,dobestan
hello,world,dobestan
hello,world,dobestan
hello,world,dobestan
hello,world,dobestan
hello,world,dobestan
hello,world,dobestan
hello,world,dobestan
hello,world,dobestan
hello,world,dobestan
hello,world,dobestan
hello,world,dobestan
hello,world,dobestan
hello,world,dobestan
hello,world,dobestan
hello,world,dobestan
hello,world,dobestan
hello,world,dobestan
hello,world,dobestan
hello,world,dobestan
hello,world,dobestan
hello,world,dobestan
hello,world,dobestan
hello,world,dobestan
hello,world,dobestan
hello,world,dobestan
hello,world,dobestan
hello,world,dobestan
hello,world,dobestan
hello,world,dobestan
hello,world,dobestan
hello,world,dobestan
hello,world,dobestan
hello,world,dobestan
hello,world,dobestan
hello,world,dobestan
hello,world,dobestan
hello,world,dobestan
hello,world,dobestan
hello,world,dobestan
hello,world,dobestan
hello,world,dobestan
hello,world,dobestan
hello,world,dobestan
hello,world,dobestan
hello,world,dobestan
hello,world,dobestan
hello,world,dobestan
hello,world,dobestan
hello,world,dobestan
hello,world,dobestan
hello,world,dobestan
hello,world,dobestan
hello,world,dobestan
hello,world,dobestan
hello,world,dobestan
hello,world,dobestan
hello,world,dobestan
hello,world,dobestan
hello,world,dobestan
hello,world,dobestan
hello,world,dobestan
hello,world,dobestan
hello,world,dobestan
hello,world,dobestan
hello,world,dobestan
hello,world,dobestan
hello,world,dobestan
hello,world,dobestan
hello,world,dobestan
hello,world,dobestan
hello,world,dobestan
hello,world,dobestan
hello,world,dobestan
hello,world,dobestan
hello,world,dobestan
hello,world,dobestan
hello,world,dobestan
hello,world,dobestan
hello,world,dobestan
hello,world,dobestan
hello,world,dobestan
hello,world,dobestan
hello,world,dobestan
hello,world,dobestan
hello,world,dobestan
hello,world,dobestan
hello,world,dobestan
hello,world,dobestan
hello,world,dobestan
hello,world,dobestan
hello,world,dobestan
hello,world,dobestan
hello,world,dobestan
hello,world,dobestan
hello,world,dobestan
hello,world,dobestan
hello,world,dobestan
hello,world,dobestan
hello,world,dobestan
hello,world,dobestan
hello,world,dobestan
hello,world,dobestan
hello,world,dobestan
hello,world,dobestan
hello,world,dobestan
hello,world,dobestan
hello,world,dobestan
hello,world,dobestan
hello,world,dobestan
hello,world,dobestan
hello,world,dobestan
hello,world,dobestan
hello,world,dobestan
hello,world,dobestan
hello,world,dobestan
hello,world,dobestan
hello,world,dobestan
hello,world,dobestan
hello,world,dobestan
hello,world,dobestan
hello,world,dobestan
hello,world,dobestan
hello,world,dobestan
hello,world,dobestan
hello,world,dobestan
hello,world,dobestan
hello,world,dobestan
hello,world,dobestan
hello,world,dobestan
hello,world,dobestan
hello,world,dobestan
hello,world,dobestan
hello,world,dobestan
hello,world,dobestan
hello,world,dobestan
hello,world,dobestan
hello,world,dobestan
hello,world,dobestan
hello,world,dobestan
hello,world,dobestan
hello,world,dobestan
hello,world,dobestan
hello,world,dobestan
hello,world,dobestan
hello,world,dobestan
hello,world,dobestan
hello,world,dobestan
hello,world,dobestan
hello,world,dobestan
hello,world,dobestan
hello,world,dobestan
hello,world,dobestan
hello,world,dobestan
hello,world,dobestan
hello,world,dobestan
hello,world,dobestan
hello,world,dobestan
hello,world,dobestan
hello,world,dobestan
hello,world,dobestan
hello,world,dobestan
hello,world,dobestan
hello,world,dobestan
hello,world,dobestan
hello,world,dobestan
hello,world,dobestan
hello,world,dobestan
hello,world,dobestan
hello,world,dobestan
hello,world,dobestan
hello,world,dobestan
hello,world,dobestan
hello,world,dobestan
hello,world,dobestan
hello,world,dobestan
hello,world,dobestan
hello,world,dobestan
hello,world,dobestan
hello,world,dobestan
hello,world,dobestan
hello,world,dobestan
hello,world,dobestan
hello,world,dobestan
hello,world,dobestan
hello,world,dobestan
hello,world,dobestan
hello,world,dobestan
hello,world,dobestan
hello,world,dobestan
hello,world,dobestan
hello,world,dobestan
hello,world,dobestan
hello,world,dobestan
hello,world,dobestan
hello,world,dobestan
hello,world,dobestan
hello,world,dobestan
hello,world,dobestan
hello,world,dobestan
hello,world,dobestan
hello,world,dobestan
hello,world,dobestan
hello,world,dobestan
hello,world,dobestan
hello,world,dobestan
hello,world,dobestan
hello,world,dobestan
hello,world,dobestan
hello,world,dobestan
hello,world,dobestan
hello,world,dobestan
hello,world,dobestan
hello,world,dobestan
hello,world,dobestan
hello,world,dobestan
hello,world,dobestan
hello,world,dobestan
hello,world,dobestan
hello,world,dobestan
hello,world,dobestan
hello,world,dobestan
hello,world,dobestan
hello,world,dobestan
hello,world,dobestan
hello,world,dobestan
hello,world,dobestan
hello,world,dobestan
hello,world,dobestan
hello,world,dobestan
hello,world,dobestan
hello,world,dobestan
hello,world,dobestan
hello,world,dobestan
hello,world,dobestan
hello,world,dobestan
hello,world,dobestan
hello,world,dobestan
hello,world,dobestan
hello,world,dobestan
hello,world,dobestan
hello,world,dobestan
hello,world,dobestan
hello,world,dobestan
hello,world,dobestan
hello,world,dobestan
hello,world,dobestan
hello,world,dobestan
hello,world,dobestan
hello,world,dobestan
hello,world,dobestan
hello,world,dobestan
hello,world,dobestan
hello,world,dobestan
hello,world,dobestan
hello,world,dobestan
hello,world,dobestan
hello,world,dobestan
hello,world,dobestan
hello,world,dobestan
hello,world,dobestan
hello,world,dobestan
hello,world,dobestan
hello,world,dobestan
hello,world,dobestan
hello,world,dobestan
hello,world,dobestan
hello,world,dobestan
hello,world,dobestan
hello,world,dobestan
hello,world,dobestan
hello,world,dobestan
hello,world,dobestan
hello,world,dobestan
hello,world,dobestan
hello,world,dobestan
hello,world,dobestan
hello,world,dobestan
hello,world,dobestan
hello,world,dobestan
hello,world,dobestan
hello,world,dobestan
hello,world,dobestan
hello,world,dobestan
hello,world,dobestan
hello,world,dobestan
hello,world,dobestan
hello,world,dobestan
hello,world,dobestan
hello,world,dobestan
hello,world,dobestan
hello,world,dobestan
hello,world,dobestan
hello,world,dobestan
hello,world,dobestan
hello,world,dobestan
hello,world,dobestan
hello,world,dobestan
hello,world,dobestan
hello,world,dobestan
hello,world,dobestan
hello,world,dobestan
hello,world,dobestan
hello,world,dobestan
hello,world,dobestan
hello,world,dobestan
hello,world,dobestan
hello,world,dobestan
hello,world,dobestan
hello,world,dobestan
hello,world,dobestan
hello,world,dobestan
hello,world,dobestan
hello,world,dobestan
hello,world,dobestan
hello,world,dobestan
hello,world,dobestan
hello,world,dobestan
hello,world,dobestan
hello,world,dobestan
hello,world,dobestan
hello,world,dobestan
hello,world,dobestan
hello,world,dobestan
hello,world,dobestan
hello,world,dobestan
hello,world,dobestan
hello,world,dobestan
hello,world,dobestan
hello,world,dobestan
hello,world,dobestan
hello,world,dobestan
hello,world,dobestan
hello,world,dobestan
hello,world,dobestan
hello,world,dobestan
hello,world,dobestan
hello,world,dobestan
hello,world,dobestan
hello,world,dobestan
hello,world,dobestan
hello,world,dobestan
hello,world,dobestan
hello,world,dobestan
hello,world,dobestan
hello,world,dobestan
hello,world,dobestan
hello,world,dobestan
hello,world,dobestan
hello,world,dobestan
hello,world,dobestan
hello,world,dobestan
hello,world,dobestan
hello,world,dobestan
hello,world,dobestan
hello,world,dobestan
hello,world,dobestan
hello,world,dobestan
hello,world,dobestan
hello,world,dobestan
hello,world,dobestan
hello,world,dobestan
hello,world,dobestan
hello,world,dobestan
hello,world,dobestan
hello,world,dobestan
hello,world,dobestan
hello,world,dobestan
hello,world,dobestan
hello,world,dobestan
hello,world,dobestan
hello,world,dobestan
hello,world,dobestan
hello,world,dobestan
hello,world,dobestan
hello,world,dobestan
hello,world,dobestan
hello,world,dobestan
hello,world,dobestan
hello,world,dobestan
hello,world,dobestan
hello,world,dobestan
hello,world,dobestan
hello,world,dobestan
hello,world,dobestan
hello,world,dobestan
hello,world,dobestan
hello,world,dobestan
hello,world,dobestan
hello,world,dobestan
hello,world,dobestan
hello,world,dobestan
hello,world,dobestan
hello,world,dobestan
hello,world,dobestan
hello,world,dobestan
hello,world,dobestan
hello,world,dobestan
hello,world,dobestan
hello,world,dobestan
hello,world,dobestan
hello,world,dobestan
hello,world,dobestan
hello,world,dobestan
hello,world,dobestan
hello,world,dobestan
hello,world,dobestan
hello,world,dobestan
hello,world,dobestan
hello,world,dobestan
hello,world,dobestan
hello,world,dobestan
hello,world,dobestan
hello,world,dobestan
hello,world,dobestan
hello,world,dobestan
hello,world,dobestan
hello,world,dobestan
hello,world,dobestan
hello,world,dobestan
hello,world,dobestan
hello,world,dobestan
hello,world,dobestan
hello,world,dobestan
hello,world,dobestan
hello,world,dobestan
hello,world,dobestan
hello,world,dobestan
hello,world,dobestan
hello,world,dobestan
hello,world,dobestan
hello,world,dobestan
hello,world,dobestan
hello,world,dobestan
hello,world,dobestan
hello,world,dobestan
hello,world,dobestan
hello,world,dobestan
hello,world,dobestan
hello,world,dobestan
hello,world,dobestan
hello,world,dobestan
hello,world,dobestan
hello,world,dobestan
hello,world,dobestan
hello,world,dobestan
hello,world,dobestan
hello,world,dobestan
hello,world,dobestan
hello,world,dobestan
hello,world,dobestan
hello,world,dobestan
hello,world,dobestan
hello,world,dobestan
hello,world,dobestan
hello,world,dobestan
hello,world,dobestan
hello,world,dobestan
hello,world,dobestan
hello,world,dobestan
hello,world,dobestan
hello,world,dobestan
hello,world,dobestan
hello,world,dobestan
hello,world,dobestan
hello,world,dobestan
hello,world,dobestan
hello,world,dobestan
hello,world,dobestan
hello,world,dobestan
hello,world,dobestan
hello,world,dobestan
hello,world,dobestan
hello,world,dobestan
hello,world,dobestan
hello,world,dobestan
hello,world,dobestan
hello,world,dobestan
hello,world,dobestan
hello,world,dobestan
hello,world,dobestan
hello,world,dobestan
hello,world,dobestan
hello,world,dobestan
hello,world,dobestan
hello,world,dobestan
hello,world,dobestan
hello,world,dobestan
hello,world,dobestan
hello,world,dobestan
hello,world,dobestan
hello,world,dobestan
hello,world,dobestan
hello,world,dobestan
hello,world,dobestan
hello,world,dobestan
hello,world,dobestan
hello,world,dobestan
hello,world,dobestan
hello,world,dobestan
hello,world,dobestan
hello,world,dobestan
hello,world,dobestan
hello,world,dobestan
hello,world,dobestan
hello,world,dobestan
hello,world,dobestan
hello,world,dobestan
hello,world,dobestan
hello,world,dobestan
hello,world,dobestan
hello,world,dobestan
hello,world,dobestan
hello,world,dobestan
hello,world,dobestan
hello,world,dobestan
hello,world,dobestan
hello,world,dobestan
hello,world,dobestan
hello,world,dobestan
hello,world,dobestan
hello,world,dobestan
hello,world,dobestan
hello,world,dobestan
hello,world,dobestan
hello,world,dobestan
hello,world,dobestan
hello,world,dobestan
hello,world,dobestan
hello,world,dobestan
hello,world,dobestan
hello,world,dobestan
hello,world,dobestan
hello,world,dobestan
hello,world,dobestan
hello,world,dobestan
hello,world,dobestan
hello,world,dobestan
hello,world,dobestan
hello,world,dobestan
hello,world,dobestan
hello,world,dobestan
hello,world,dobestan
hello,world,dobestan
hello,world,dobestan
hello,world,dobestan
hello,world,dobestan
hello,world,dobestan
hello,world,dobestan
hello,world,dobestan
hello,world,dobestan
hello,world,dobestan
hello,world,dobestan
hello,world,dobestan
hello,world,dobestan
hello,world,dobestan
hello,world,dobestan
hello,world,dobestan
hello,world,dobestan
hello,world,dobestan
